<?xml version="1.0" encoding="UTF-8"?>
<beans xmlns="http://www.springframework.org/schema/beans"
                xmlns:context="http://www.springframework.org/schema/context"
                xmlns:xsi="http://www.w3.org/2001/XMLSchema-instance"
                xmlns:mvc="http://www.springframework.org/schema/mvc"
                xmlns:tx="http://www.springframework.org/schema/tx"

               
xsi:schemaLocation="

        http://www.springframework.org/schema/beans    
        http://www.springframework.org/schema/beans/spring-beans-2.5.xsd
        http://www.springframework.org/schema/context
        http://www.springframework.org/schema/context/spring-context.xsd
        http://www.springframework.org/schema/mvc
        http://www.springframework.org/schema/mvc/spring-mvc.xsd
        http://www.springframework.org/schema/tx
        http://www.springframework.org/schema/tx/spring-tx-3.0.xsd"
        default-init-method="startUp"
        default-destroy-method="myDestroy">
  
               
		<bean id="triangle" class="com.cg.Triangle">
		
        <property name="pointA" ref="zeropoint"/>
        <property name="pointB" ref="point2"/>
        <property name="pointC" ref="center"/>
		
		</bean>
		<!-- <property name="pointA" ref="zeropoint"/>
		<property name="pointB" ref="point2"/>
		<property name="pointC" ref="point3"/> -->
	<!-- <property name="type" value="Isosceles"/>
	<property name="height" value="20"></property>
	<constructor-arg value="scalene"/> -->
	<!-- <constructor-arg value="50" index="1" />
	<constructor-arg value="Equilateral" index="0"/> -->
	
	<bean id="zeropoint" class="com.cg.point">
	<property name="x" value="0"/>
	<property name="y" value="0"/>
	</bean>
	<bean id="point2" class="com.cg.point">
	<property name="x" value="-20"/>
	<property name="y" value="0"/>
	</bean>
	<bean id="center" class="com.cg.point">
	<property name="x" value="-20"/>
	<property name="y" value="0"/>
	</bean>
	<bean id="circle" class="com.cg.Circle" autowire="byName"  init-method="startUp" destroy-method="myDestroy"/> 
	
  <!--  <bean class="com.cg.DisplayNameBeanPosrProcessor"/>
   <bean class="com.cg.MyBeanFactoryPP"/> -->
   <bean 
   class="org.springframework.beans.factory.config.PropertyPlaceholderConfigurer">
  <!-- <property name="locations" value="PrintConfig.properties">
   <list>
   <value>pointConfig.properties</value>
   </list>
  </property> -->
   </bean>
   <bean id="employee" class="com.cg.Employee">
   <property name="dob" value="1998-12-26"/>
   </bean>
   <bean id="customEditorConfigurer"
   class="org.springframework.beans.factory.config.CustomEditorConfigurer">
   <property name="customEditors">
     <map>
     <entry key="java.sql.Date" value="com.cg.SqlDateEditor"/>
     </map>
   
   </property>
   
   </bean>
   
    </beans>
   
   
   
   